id,tier,source
USA-SOUTH,3,EIA International Energy Statistics (Rangfolge Rohoel-Foerderung, Public Domain)
RUS-SIB,3,EIA International Energy Statistics (Rangfolge Rohoel-Foerderung, Public Domain)
CAN-WEST,3,EIA International Energy Statistics (Rangfolge Rohoel-Foerderung, Public Domain)
IRN-SW,3,EIA International Energy Statistics (Rangfolge Rohoel-Foerderung, Public Domain)
SAU,3,EIA International Energy Statistics (Rangfolge Rohoel-Foerderung, Public Domain)
IRQ,3,EIA International Energy Statistics (Rangfolge Rohoel-Foerderung, Public Domain)
USA-WEST,2,EIA International Energy Statistics (Rangfolge Rohoel-Foerderung, Public Domain)
RUS-VOLGA,2,EIA International Energy Statistics (Rangfolge Rohoel-Foerderung, Public Domain)
CHN-NE,2,EIA International Energy Statistics (Rangfolge Rohoel-Foerderung, Public Domain)
NGA-SE,2,EIA International Energy Statistics (Rangfolge Rohoel-Foerderung, Public Domain)
MEX-SE,2,EIA International Energy Statistics (Rangfolge Rohoel-Foerderung, Public Domain)
BRA-SE,2,EIA International Energy Statistics (Rangfolge Rohoel-Foerderung, Public Domain)
NOR,2,EIA International Energy Statistics (Rangfolge Rohoel-Foerderung, Public Domain)
ARE,2,EIA International Energy Statistics (Rangfolge Rohoel-Foerderung, Public Domain)
KWT,2,EIA International Energy Statistics (Rangfolge Rohoel-Foerderung, Public Domain)
KAZ,2,EIA International Energy Statistics (Rangfolge Rohoel-Foerderung, Public Domain)
VEN,2,EIA International Energy Statistics (Rangfolge Rohoel-Foerderung, Public Domain)
RUS-URAL,1,EIA International Energy Statistics (Rangfolge Rohoel-Foerderung, Public Domain)
CHN-NW,1,EIA International Energy Statistics (Rangfolge Rohoel-Foerderung, Public Domain)
IDN-SUM,1,EIA International Energy Statistics (Rangfolge Rohoel-Foerderung, Public Domain)
IDN-KAL,1,EIA International Energy Statistics (Rangfolge Rohoel-Foerderung, Public Domain)
GBR-NE,1,EIA International Energy Statistics (Rangfolge Rohoel-Foerderung, Public Domain)
DZA,1,EIA International Energy Statistics (Rangfolge Rohoel-Foerderung, Public Domain)
LBY,1,EIA International Energy Statistics (Rangfolge Rohoel-Foerderung, Public Domain)
AGO,1,EIA International Energy Statistics (Rangfolge Rohoel-Foerderung, Public Domain)
QAT,1,EIA International Energy Statistics (Rangfolge Rohoel-Foerderung, Public Domain)
OMN,1,EIA International Energy Statistics (Rangfolge Rohoel-Foerderung, Public Domain)
EGY-NORTH,1,EIA International Energy Statistics (Rangfolge Rohoel-Foerderung, Public Domain)
IND-WEST,1,EIA International Energy Statistics (Rangfolge Rohoel-Foerderung, Public Domain)
AZE,1,EIA International Energy Statistics (Rangfolge Rohoel-Foerderung, Public Domain)
ARG-SOUTH,1,EIA International Energy Statistics (Rangfolge Rohoel-Foerderung, Public Domain)
